coords,x,y,likelihood,x,y,likelihood,,,,
0,537.036499,585.0029907,0.999268115,530.201355,598.5626221,0.999185205,194,454,192,710
1,537.036499,585.0372314,0.999267101,530.2518311,598.6586914,0.999140918,,,,
2,537.036499,585.0372314,0.999151468,530.2932739,598.6586914,0.9991436,,,,
3,536.9915771,585.027832,0.99921608,530.3837891,598.5626221,0.99914515,,,,
4,536.9603271,585.027832,0.99901402,530.3837891,598.1710205,0.999205709,,,,
5,536.9313354,585.1062622,0.999018073,530.3837891,598.1710205,0.999246001,,,,
6,536.8829346,585.1201172,0.999083519,530.2890625,598.1694946,0.999172091,,,,
7,536.7085571,585.1522217,0.999157667,530.2268677,598.1433716,0.999204814,,,,
8,536.6627197,585.1999512,0.999134779,529.9996338,598.1004028,0.999217868,,,,
9,536.4370117,585.2058105,0.999068022,529.6444092,597.697998,0.999184072,,,,
10,536.361084,585.1999512,0.99903965,529.6444092,597.697998,0.999237776,,,,
11,536.2854004,585.1999512,0.999056578,529.6444092,597.697998,0.999230027,,,,
12,536.2854004,585.1838379,0.999161601,530.0899658,597.8605347,0.999296308,,,,
13,536.2603149,585.1838379,0.999137163,530.4639282,597.8605347,0.999251842,,,,
14,536.2603149,585.1838379,0.999121785,530.5357666,597.8605347,0.999242485,,,,
15,536.1090698,585.300415,0.999142349,530.5454712,597.8605347,0.999249697,,,,
16,536.0778809,585.3140869,0.999072313,531.0211182,597.8605347,0.999248743,,,,
17,536.0081787,585.3239746,0.999087095,531.3752441,598.0054932,0.999222994,,,,
18,535.9580078,585.3320923,0.999110222,531.4555054,598.1300049,0.99919796,,,,
19,535.9476318,585.390625,0.999094009,531.5944214,598.1692505,0.99917835,,,,
20,535.9136963,585.4269409,0.999125898,531.6054688,598.1803589,0.99917829,,,,
21,535.9052734,585.4379272,0.9991678,531.6054688,598.2521973,0.999187231,,,,
22,535.8766479,585.4379272,0.999204159,531.6054688,598.288208,0.999208391,,,,
23,535.8766479,585.4363403,0.999232054,531.4460449,598.3349609,0.999207973,,,,
24,535.8477783,585.4363403,0.999270439,531.3972778,598.4036255,0.999220014,,,,
25,535.803833,585.3056641,0.99931109,531.3811646,598.5125122,0.999260664,,,,
26,535.7681274,585.2869263,0.99932307,531.3762817,598.5125122,0.999246478,,,,
27,535.7652588,585.2869263,0.999338865,531.2924805,598.5125122,0.999276638,,,,
28,535.7264404,585.3056641,0.999307394,531.2710571,598.546875,0.999243617,,,,
29,535.7264404,585.2869263,0.999319911,531.1878662,598.5414429,0.999257267,,,,
30,535.7501831,585.2869263,0.999332786,531.1878662,598.5067139,0.999266982,,,,
31,535.7501831,585.288147,0.999318123,531.1810913,598.5067139,0.99927026,,,,
32,535.770752,585.288147,0.999298573,531.1586914,598.447937,0.999279976,,,,
33,535.770752,585.286377,0.999284148,531.1280518,598.302124,0.999277472,,,,
34,535.7761841,585.286377,0.999257803,531.1280518,598.182373,0.999253273,,,,
35,535.7970581,585.286377,0.999246836,531.1280518,598.1019287,0.999259531,,,,
36,535.8203125,585.2487183,0.999211669,531.1439819,598.0600586,0.999272704,,,,
37,535.8543091,585.2086182,0.999161243,531.2041016,597.9545898,0.999307811,,,,
38,535.8577271,585.1375122,0.99911499,531.3990479,597.9545898,0.999312997,,,,
39,535.8577271,584.993103,0.999076545,531.557312,597.9545898,0.999335945,,,,
40,535.8577271,584.677124,0.9990412,531.557312,598.1002808,0.99936831,,,,
41,535.574585,583.9393311,0.99918437,531.557312,598.3027954,0.999377608,,,,
42,535.4976807,583.9393311,0.999256432,531.538269,598.5777588,0.999372303,,,,
43,535.4804077,583.9393311,0.999289632,531.465332,598.7838745,0.999340653,,,,
44,535.4388428,584.0383911,0.999346435,531.465332,598.838562,0.999330342,,,,
45,535.2904663,584.1138916,0.999389827,531.465332,599.020752,0.999309599,,,,
46,535.3344727,584.7844849,0.999400318,531.4871216,599.020752,0.999271512,,,,
47,535.3344727,584.7993774,0.999363065,531.6079102,599.020752,0.999302685,,,,
48,535.3344727,585.2761841,0.999313056,531.6947632,598.8632813,0.999290824,,,,
49,535.3849487,585.2761841,0.999236882,531.7526855,598.68396,0.999308884,,,,
50,535.4911499,585.2761841,0.999147475,531.920166,598.2771606,0.99935019,,,,
51,535.4911499,585.2761841,0.999108315,532.34552,598.2711792,0.99936372,,,,
52,535.4911499,585.2370605,0.99905014,532.6069336,598.2554932,0.99938345,,,,
53,535.4788208,585.1304932,0.998922706,532.6781616,597.9707642,0.999299765,,,,
54,535.4911499,585.0232544,0.998769701,532.6781616,597.5883789,0.999319434,,,,
55,535.4788208,584.8735352,0.998636961,532.69104,597.5883789,0.999329925,,,,
56,535.3602905,584.7737427,0.998675466,532.7644653,597.5883789,0.99931705,,,,
57,534.897522,584.3537598,0.998784542,532.8953247,597.9436035,0.999425292,,,,
58,534.8792725,584.1171875,0.998942554,533.1586304,597.9825439,0.999397635,,,,
59,534.8632813,583.9173584,0.999119699,533.3905029,598.0458374,0.999425948,,,,
60,534.8632813,583.6852417,0.999229133,533.5027466,598.1913452,0.999450743,,,,
61,534.8792725,583.4341431,0.999372661,533.6511841,598.2175293,0.999462962,,,,
62,534.9845581,583.0878296,0.999467432,533.6937256,598.2492065,0.999495864,,,,
63,535.0661011,582.9064941,0.999476671,533.6937256,598.2492065,0.999514163,,,,
64,535.0661011,582.8603516,0.999479294,533.6835327,598.2492065,0.999509931,,,,
65,535.0661011,582.8603516,0.999494314,533.6835327,598.0910645,0.999534011,,,,
66,535.0645752,582.8603516,0.999450684,533.6835327,598.03479,0.999509811,,,,
67,534.9883423,582.888855,0.99947387,533.6507568,598.006897,0.999495149,,,,
68,534.977356,582.888855,0.99938941,533.6500244,597.8115845,0.999471426,,,,
69,534.977356,582.888855,0.999295831,533.6472778,597.7943726,0.999428272,,,,
70,534.977356,582.9945679,0.999305844,533.6362915,597.6561279,0.999426484,,,,
71,534.977356,582.9783325,0.999328375,533.6362915,597.4623413,0.999428749,,,,
72,534.9978027,582.8303833,0.999300241,533.6472778,597.4623413,0.999415576,,,,
73,535.0504761,582.7418213,0.999331236,533.9688721,597.3407593,0.99938035,,,,
74,535.1171875,582.6482544,0.99937582,534.1327515,597.328186,0.999382377,,,,
75,535.1171875,582.1782837,0.999377847,534.1327515,597.328186,0.999357224,,,,
76,535.1171875,582.0230103,0.999430597,534.1327515,597.2606201,0.999358416,,,,
77,535.0879517,581.7583008,0.999493003,534.2115479,596.930542,0.99938339,,,,
78,535.0474243,581.5003662,0.999524474,534.2115479,596.822998,0.999370337,,,,
79,535.0031738,581.2006836,0.999540925,534.2115479,596.6552124,0.999364018,,,,
80,535.0031738,581.1047974,0.999533892,534.5028687,596.522644,0.999320984,,,,
81,535.0474243,581.0977783,0.999534845,534.65979,596.4741821,0.99928081,,,,
82,535.0474243,581.0150146,0.999549031,534.65979,596.4725342,0.99927783,,,,
83,535.0031738,581.0150146,0.999554634,534.65979,596.3755493,0.999284029,,,,
84,534.9971313,580.9654541,0.999670267,534.62854,596.2319336,0.999394238,,,,
85,534.7218628,580.6471558,0.999632418,534.62854,596.0460205,0.999293089,,,,
86,534.7218628,580.6471558,0.999610424,534.62854,595.9830322,0.999132335,,,,
87,534.7218628,580.8338013,0.999561071,534.7946167,595.9391479,0.999018252,,,,
88,534.7913208,580.5344238,0.99926734,534.9439697,595.6304932,0.998703003,,,,
89,534.8430176,580.4856567,0.999260366,534.9456177,595.3677368,0.998609662,,,,
90,534.8726196,580.479126,0.999316692,534.9439697,595.3530273,0.998506904,,,,
91,534.8726196,580.4562378,0.999347448,534.7946167,595.321167,0.998413265,,,,
92,534.8430176,580.1905518,0.999465406,534.8300171,595.1348267,0.998885393,,,,
93,534.7911987,579.4521484,0.999664068,534.8300171,595.0592041,0.999025881,,,,
94,534.7661743,579.0630493,0.999738693,534.8300171,594.9030762,0.99909991,,,,
95,534.6026611,579.0548706,0.999708176,535.0172729,594.5148926,0.999019265,,,,
96,534.6026611,579.0298462,0.999713659,535.1202393,594.3985596,0.999013245,,,,
97,534.7252808,578.9828491,0.999730349,535.1202393,594.3187866,0.999096513,,,,
98,534.7252808,578.6499634,0.999754667,535.0172729,594.2938843,0.999135137,,,,
99,534.838562,578.5335693,0.999719501,535.1393433,594.0078735,0.999017596,,,,
100,534.838562,578.3365479,0.999725103,535.1673584,593.7983398,0.9989748,,,,
101,534.838562,578.2994385,0.999714255,535.1673584,593.6497192,0.998837173,,,,
102,534.7929077,578.2128906,0.999714732,535.1928711,593.5802002,0.998794794,,,,
103,534.7559204,578.208374,0.999694109,535.1928711,593.5581665,0.998779118,,,,
104,534.7249146,578.0609131,0.999748349,535.2311401,593.5335083,0.998904228,,,,
105,534.7249146,577.9277954,0.999775529,535.2311401,593.4196167,0.999008656,,,,
106,534.7249146,577.6537476,0.999780238,535.3095093,593.3632813,0.99905318,,,,
107,534.7359619,577.3936157,0.999763727,535.4282837,592.9832153,0.999001741,,,,
108,534.7359619,577.267334,0.999726653,535.4350586,592.7966919,0.998892784,,,,
109,534.7359619,577.1495361,0.99973619,535.4468994,592.7387085,0.99888134,,,,
110,534.6305542,577.0635376,0.999754429,535.473877,592.6520386,0.998804092,,,,
111,534.5852051,576.8331299,0.999738693,535.4960938,592.5456543,0.998604178,,,,
112,534.5523682,576.739624,0.999721229,535.5180664,592.4252319,0.998557866,,,,
113,534.4329834,576.6553955,0.99970305,535.6913452,592.0223389,0.998411179,,,,
114,534.4329834,576.4646606,0.999683022,535.8414917,591.7581787,0.997962832,,,,
115,534.4329834,576.3406372,0.999697208,535.9624634,591.5789185,0.998071194,,,,
116,534.4727783,576.1323242,0.999704599,536.1173096,591.4770508,0.99833703,,,,
117,534.4727783,575.928894,0.999659896,536.1173096,591.427063,0.998118222,,,,
118,534.4727783,575.8760376,0.99963057,536.1173096,591.2443848,0.997879207,,,,
119,534.4447021,575.7225342,0.999563694,536.1193848,590.7438354,0.997380495,,,,
120,534.2576904,575.5800171,0.999508619,536.0715942,590.3568115,0.996511757,,,,
121,534.1317749,575.2127686,0.999478102,536.0715942,590.0501709,0.995762348,,,,
122,534.1055298,574.991272,0.999433517,536.0715942,590.0289307,0.996170402,,,,
123,534.1317749,574.855835,0.999402761,536.2973022,589.3560181,0.994966388,,,,
124,534.2487183,574.8551636,0.999376059,536.2973022,589.2999878,0.994724214,,,,
125,534.2487183,574.208374,0.999065638,536.3457642,589.1377563,0.995152473,,,,
126,534.3875732,573.9320679,0.998714924,536.5612793,589.043335,0.99467504,,,,
127,534.7497559,573.1152954,0.998771906,536.8474121,588.6539917,0.995173633,,,,
128,534.9920044,572.6955566,0.998876572,536.8474121,587.6478882,0.99513334,,,,
129,535.1200562,572.6697388,0.998963594,536.8474121,587.5960083,0.995457292,,,,
130,535.1200562,572.1027832,0.999211431,536.4530029,587.5745239,0.995939851,,,,
131,535.2549438,571.9284668,0.999248862,536.3151855,587.4460449,0.995991707,,,,
132,535.3977051,571.7904663,0.999251723,536.2188721,587.2739868,0.995898604,,,,
133,535.3977051,571.7807007,0.999200642,536.2188721,586.9458618,0.995561838,,,,
134,535.3977051,571.7807007,0.999149501,536.3171997,586.3320923,0.994556069,,,,
135,535.2375488,570.9574585,0.999310434,536.3171997,586.2143555,0.996151209,,,,
136,535.0394287,570.7432251,0.999279916,536.7278442,586.1207886,0.996395111,,,,
137,535.0147705,570.6828613,0.999250352,536.7278442,585.6765137,0.997249007,,,,
138,534.9379883,570.6658936,0.999172866,536.8681641,585.5489502,0.997226954,,,,
139,534.6657715,570.3869629,0.999126852,536.8681641,585.0490723,0.997639298,,,,
140,534.0994873,569.9108276,0.99916482,536.8681641,584.6258545,0.998062372,,,,
141,533.6397705,569.5908813,0.999388337,537.4627686,584.3713989,0.998225451,,,,
142,533.631897,569.4953003,0.999447823,537.8048096,584.3632813,0.997971058,,,,
143,533.5288696,569.3644409,0.999500632,537.8048096,584.3190918,0.998016119,,,,
144,533.5056763,569.2601929,0.999542534,537.8206787,584.1956177,0.998122394,,,,
145,533.486145,569.1317749,0.9995718,537.8048096,583.9088745,0.998225331,,,,
146,533.486145,569.0128784,0.999608159,537.7973633,583.78125,0.998536825,,,,
147,533.4952393,568.8917236,0.999613523,537.7058105,583.6611328,0.998638272,,,,
148,533.5056763,568.7620239,0.99963522,537.513855,583.5706787,0.998710752,,,,
149,533.4952393,568.5713501,0.999650896,537.5095215,583.4443359,0.998693705,,,,
150,533.4952393,568.276062,0.999699235,537.5095215,583.4388428,0.99874413,,,,
151,533.4836426,568.0418701,0.999764562,537.5095215,583.3182983,0.998782218,,,,
152,533.359375,567.8934326,0.99975419,537.5095215,583.211853,0.998797417,,,,
153,533.2032471,567.7492065,0.999778509,537.5095215,583.0598755,0.998800218,,,,
154,533.0991211,567.6785278,0.999784648,537.4886475,582.8751221,0.998844564,,,,
155,533.0758057,567.6749878,0.999749303,537.3016357,582.5715942,0.998812497,,,,
156,532.9901123,567.5606079,0.999730349,537.1865845,582.3154907,0.99877274,,,,
157,532.9168091,567.3221436,0.999754429,537.1431885,582.2501221,0.998917282,,,,
158,532.9168091,567.1132813,0.999758124,537.1306152,582.1082764,0.998907804,,,,
159,532.9901123,566.9761353,0.99974376,537.0865479,581.9202881,0.99890101,,,,
160,533.0883789,566.8234253,0.999742746,537.0316162,581.8132935,0.998851001,,,,
161,533.0883789,566.5222168,0.999725223,537.0316162,581.4730225,0.99879843,,,,
162,533.0883789,566.5123291,0.999738216,537.0316162,581.0418701,0.998604536,,,,
163,532.9876709,566.5123291,0.999735057,537.0695801,580.9467163,0.998425841,,,,
164,532.9876709,566.5123291,0.999704599,537.1226196,580.9467163,0.998287916,,,,
165,532.9876709,566.5123291,0.999584198,537.1226196,580.824585,0.998446047,,,,
166,533.1599731,566.5123291,0.999530673,537.0736084,580.7406616,0.998626709,,,,
167,533.1599731,565.7503662,0.999619782,537.0695801,580.6923828,0.998608947,,,,
168,533.1599731,565.0709839,0.999678731,536.9346924,580.0449829,0.998570204,,,,
169,533.0795898,564.8606567,0.999685287,536.7810059,579.6514282,0.998291433,,,,
170,533.0795898,564.7304688,0.999694705,536.7589111,579.5473633,0.998155832,,,,
171,533.0795898,564.0299072,0.999772787,536.7589111,579.4053345,0.99850595,,,,
172,533.1787109,564.0067139,0.999778807,536.6084595,579.2505493,0.998737812,,,,
173,533.1787109,563.4898682,0.99980545,536.6084595,579.3006592,0.99866116,,,,
174,533.1787109,563.4522705,0.999802053,536.6084595,579.2165527,0.998743951,,,,
175,533.0037842,563.3423462,0.99981904,536.7197266,579.2019043,0.998848796,,,,
176,532.5957031,563.1481323,0.999851823,536.8828125,578.7536011,0.99888593,,,,
177,532.173584,562.3873901,0.999848723,536.8828125,578.0615234,0.999004483,,,,
178,532.173584,562.1572266,0.999870896,536.8828125,577.9664307,0.99913305,,,,
179,532.0189819,562.0602417,0.999853551,536.7369995,577.6174927,0.999004722,,,,
180,532.0189819,561.5836182,0.999851823,536.4259033,577.1253052,0.999048769,,,,
181,532.2125854,561.3345337,0.999843836,536.3434448,576.7277222,0.998996615,,,,
182,532.6763916,561.0344849,0.999839902,536.1299438,576.4492188,0.998778939,,,,
183,532.909668,560.9423828,0.999828696,535.963501,576.2529297,0.998824418,,,,
184,532.909668,560.5993042,0.999799013,535.6920166,575.9627075,0.99879992,,,,
185,532.909668,560.5993042,0.999805212,535.5116577,575.8110962,0.998789012,,,,
186,532.8134766,560.5258179,0.999792516,535.5116577,575.4501343,0.998606801,,,,
187,532.6692505,560.5072632,0.999797046,535.5116577,575.3408813,0.998584032,,,,
188,532.6692505,560.3271484,0.999777377,535.7348022,574.9702759,0.99838835,,,,
189,532.6692505,560.1616211,0.999749243,535.7348022,574.7907715,0.998158634,,,,
190,532.6692505,559.8583374,0.99972707,535.7348022,574.7732544,0.998370945,,,,
191,532.6692505,559.2000122,0.999687552,535.6793213,574.6688843,0.998555303,,,,
192,532.4762573,558.7866211,0.99963665,535.5465088,574.3094482,0.99843204,,,,
193,532.2230835,558.7133179,0.999614775,535.2628174,574.1002808,0.998150468,,,,
194,531.9597778,558.7133179,0.999627829,535.201416,574.0123291,0.998101711,,,,
195,531.9553223,558.6068726,0.999620199,535.1848145,573.8945923,0.9979164,,,,
196,531.7833252,558.5726318,0.999582171,535.06604,573.1687622,0.997304559,,,,
197,531.6539307,558.5622559,0.999541223,535.06604,572.8571167,0.997305632,,,,
198,531.2758179,557.956604,0.99943614,535.06604,572.3981323,0.997424364,,,,
199,531.2758179,557.6918945,0.99939537,535.267334,572.1676636,0.997306108,,,,
200,531.0549927,557.5750122,0.999171615,535.267334,572.0145264,0.997340679,,,,
201,531.0529175,557.5111694,0.999067545,535.267334,571.6582031,0.997087002,,,,
202,531.0529175,557.4625244,0.998989701,534.7772827,571.5967407,0.996912241,,,,
203,531.0529175,557.4625244,0.998926282,534.6901855,571.4013062,0.996618032,,,,
204,531.0297852,557.2191772,0.998859167,534.649353,570.9412231,0.996243954,,,,
205,530.8671875,557.1204224,0.998650193,534.5410767,570.7662354,0.997313797,,,,
206,530.784668,557.0202026,0.998568773,534.4760132,570.763916,0.996895671,,,,
207,530.6796875,556.5575562,0.998776913,534.4054565,570.4006958,0.997790098,,,,
208,530.4748535,556.3059692,0.998875499,534.4054565,570.2042847,0.99802649,,,,
209,530.4748535,556.1383057,0.999007404,534.3834839,570.1888428,0.997837424,,,,
210,530.5560913,555.5112305,0.999217868,534.2976074,569.9633789,0.998250604,,,,
211,530.5560913,555.4943237,0.999239564,534.2120972,569.9633789,0.998355865,,,,
212,530.4748535,555.4650269,0.99929297,533.321228,569.6855469,0.998463869,,,,
213,529.9561768,555.0164795,0.99928689,533.321228,569.5254517,0.998743474,,,,
214,529.9561768,554.727478,0.999304414,533.321228,569.3187866,0.99900949,,,,
215,529.9561768,553.4561157,0.999411821,533.5737915,569.1810303,0.999161363,,,,
216,530.1854248,553.0440063,0.999415696,533.6495361,568.8366699,0.999106526,,,,
217,530.1854248,552.8668823,0.999435782,533.8264771,568.5812988,0.999142647,,,,
218,530.1854248,552.3585205,0.999519885,533.9876099,568.0658569,0.999179482,,,,
219,529.9636841,552.0072632,0.999592602,534.1668091,567.8598022,0.999275982,,,,
220,529.7245483,551.8930664,0.999614716,534.1668091,567.425415,0.999341011,,,,
221,528.9676514,551.7949829,0.999572754,534.0365601,567.300415,0.999411762,,,,
222,528.3450317,551.7688599,0.999610603,534.0365601,567.2608643,0.999480605,,,,
223,528.2484131,551.3852539,0.999666631,533.9840698,567.2143555,0.999441624,,,,
224,528.2050171,551.024353,0.999729276,533.9221191,566.6879272,0.999522209,,,,
225,528.2050171,550.9725342,0.999756694,533.8760986,566.6184692,0.999541461,,,,
226,528.1853638,550.90448,0.999754429,533.8760986,566.4683228,0.999536693,,,,
227,528.1583252,550.7854004,0.999728978,533.7602539,566.1450806,0.999540567,,,,
228,527.963501,550.6872559,0.999759912,533.6724243,565.7547607,0.999618351,,,,
229,527.9240723,550.5250854,0.999750137,533.6196289,565.5664063,0.999639392,,,,
230,527.74823,550.4855957,0.999748588,533.4575195,565.4743652,0.999627829,,,,
231,527.7347412,550.4651489,0.999721646,533.2473145,564.9962158,0.999647737,,,,
232,527.6296997,550.4651489,0.999705315,533.222168,564.7285767,0.999639988,,,,
233,527.4733887,550.4651489,0.9996683,533.2039185,564.2414551,0.999657869,,,,
234,527.4686279,550.4465332,0.999656558,533.053833,563.996521,0.999661922,,,,
235,527.2069092,550.4465332,0.999664545,533.053833,563.9932861,0.999681473,,,,
236,527.1887817,550.4014893,0.999539077,533.053833,563.6932983,0.999644935,,,,
237,527.1622925,550.2943115,0.999444604,533.053833,563.4833984,0.999608994,,,,
238,527.1245728,550.2943115,0.999359846,533.053833,563.2143555,0.999616385,,,,
239,527.1245728,550.1699219,0.999384761,533.0476685,562.9627075,0.999621272,,,,
240,526.6064453,549.7435913,0.999354422,532.7169189,562.9147339,0.999675632,,,,
241,526.3311157,549.2306519,0.999189556,531.461792,562.9147339,0.999549627,,,,
242,526.1211548,548.7849121,0.999264896,531.145752,562.9627075,0.999655366,,,,
243,526.0164185,548.6036377,0.999239445,531.1151733,562.7554321,0.999647141,,,,
244,525.9401245,548.5696411,0.99911809,530.7355347,562.7554321,0.999549806,,,,
245,525.9056396,548.4500122,0.999103308,530.5930786,562.5410767,0.999530435,,,,
246,525.0949707,547.8322144,0.999086618,530.5281982,562.2047729,0.99952811,,,,
247,524.9174194,547.7811279,0.998965979,530.5281982,562.1962891,0.99936986,,,,
248,524.9141846,547.4246826,0.999246657,530.5178223,562.0685425,0.99952215,,,,
249,524.6969604,547.1191406,0.999382675,530.5178223,561.6574097,0.999521673,,,,
250,524.5973511,547.0059814,0.999369323,530.6154785,561.6194458,0.999492526,,,,
251,524.5661011,546.9110107,0.999518633,530.7649536,561.4030762,0.999632835,,,,
252,524.5112305,546.3497314,0.999554873,530.7649536,561.3511353,0.999560714,,,,
253,524.4372559,545.8312988,0.999603987,530.7649536,561.2943726,0.999578357,,,,
254,523.3232422,545.4411621,0.999545395,530.607605,560.8922729,0.999474168,,,,
255,523.0309448,544.6030884,0.999548018,530.5570679,560.7943115,0.999534726,,,,
256,523.0165405,544.3666992,0.999536455,530.5413208,560.5041504,0.99947989,,,,
257,522.9544678,544.270813,0.999531984,530.4572144,560.1348877,0.9993819,,,,
258,522.9544678,543.7978516,0.999516189,530.2386475,559.8305054,0.999253452,,,,
259,522.9544678,543.4985352,0.999524117,529.9257202,559.8305054,0.999222875,,,,
260,522.8004761,543.1742554,0.999557674,529.9238892,559.8036499,0.999266148,,,,
261,522.7086182,543.1705322,0.999552131,529.9112549,559.7434692,0.999248564,,,,
262,522.4624634,542.8696289,0.99954319,529.6503296,559.6655884,0.999216199,,,,
263,522.3629761,542.2094727,0.999530673,529.3528442,559.6497192,0.999180138,,,,
264,522.3629761,542.2094727,0.999496698,529.3528442,559.3624268,0.999138951,,,,
265,522.3629761,542.1790161,0.999463201,529.3479614,559.0897827,0.998976231,,,,
266,522.7946777,542.1049194,0.999494374,529.3479614,558.927124,0.999033928,,,,
267,523.0499878,542.1049194,0.999536812,529.3479614,558.6370239,0.999053419,,,,
268,523.2017822,542.0578613,0.999501705,528.4235229,558.0322876,0.998684049,,,,
269,523.2017822,541.8947754,0.999416351,528.2581787,557.3322754,0.998576164,,,,
270,523.0499878,541.6723022,0.999453545,528.0748291,556.9385376,0.998518229,,,,
271,522.7538452,541.2285156,0.999417007,527.737854,556.4545288,0.998519301,,,,
272,522.0880737,540.9794312,0.99940151,527.6155396,556.1752319,0.998583734,,,,
273,522.0103149,540.9794312,0.999280691,527.6155396,556.1518555,0.998595357,,,,
274,522.0016479,540.8770752,0.999246478,527.6155396,555.7629395,0.998580813,,,,
275,521.9415283,540.7921753,0.999255776,527.7288208,555.460144,0.998393416,,,,
276,521.9415283,540.7921753,0.999141932,527.875061,555.4506226,0.998292327,,,,
277,522.0103149,540.6347046,0.998952389,528.0148926,554.5369873,0.998237669,,,,
278,521.956543,540.4215698,0.998664379,528.0148926,553.7790527,0.998432517,,,,
279,521.956543,540.4171143,0.998586059,528.0148926,553.7790527,0.998272717,,,,
280,521.956543,540.3946533,0.998113394,527.7598267,553.7790527,0.997971058,,,,
281,521.671814,540.2145996,0.998022199,527.2243042,553.8570557,0.997396469,,,,
282,521.2709351,540.012207,0.998297811,526.9779663,554.1420898,0.997445941,,,,
283,521.1950073,540.0095825,0.998407602,526.699646,554.1420898,0.997196317,,,,
284,521.1950073,539.939209,0.998541594,526.5846558,554.1420898,0.997446299,,,,
285,521.2709351,539.5264893,0.998536885,526.2446899,554.1098022,0.997408569,,,,
286,521.5076294,539.1480103,0.998535812,526.0028687,553.2300415,0.997877598,,,,
287,521.5076294,538.8463135,0.99839735,525.8041992,553.1951904,0.997810125,,,,
288,521.5076294,538.840271,0.998550594,525.7887573,553.1306763,0.997759819,,,,
289,520.958252,538.3217163,0.998915076,525.7332153,552.7484741,0.998332024,,,,
290,520.2064819,537.8253784,0.999200821,525.3313599,552.5196533,0.998224378,,,,
291,520.1711426,537.6640625,0.999107361,525.3217773,552.3204956,0.998022437,,,,
292,519.9350586,537.4857178,0.999177337,524.4321899,551.2478638,0.998047173,,,,
293,519.6505737,537.4549561,0.999294639,524.1264038,551.1743774,0.998093128,,,,
294,518.7955322,537.3446045,0.999498129,524.0673218,551.060791,0.998165905,,,,
295,518.5892334,537.1033936,0.999580443,523.8321533,550.8812866,0.998291612,,,,
296,518.578125,536.8591919,0.999634027,523.8321533,550.664856,0.998343587,,,,
297,518.3121338,536.7837524,0.999621272,523.6906738,550.1581421,0.998276293,,,,
298,518.1055908,536.7768555,0.999621987,523.652832,549.8813477,0.998512328,,,,
299,518.1055908,536.4842529,0.99970293,523.652832,549.8813477,0.998523712,,,,
300,517.9854736,536.3585815,0.999692082,523.3306274,549.6590576,0.998348713,,,,
301,517.9539795,536.3032227,0.999657154,523.1620483,549.6590576,0.998185039,,,,
302,517.9539795,536.0003662,0.999703526,523.1434326,549.5306396,0.998345971,,,,
303,517.8529053,535.9200439,0.999708652,522.8134155,549.0292358,0.998504221,,,,
304,517.7637329,535.6484985,0.999713302,522.6727295,548.9233398,0.998488665,,,,
305,517.6567383,535.6116943,0.999673843,522.6697998,548.9129639,0.99839592,,,,
306,517.6567383,535.3329468,0.999697208,522.6069336,548.6533203,0.998393178,,,,
307,517.4993896,535.0325928,0.999746561,522.5227051,548.4845581,0.998483598,,,,
308,517.4993896,534.9385986,0.999772608,522.3886108,548.444519,0.998597741,,,,
309,517.4993896,534.9040527,0.999729156,522.3672485,548.2405396,0.998563468,,,,
310,517.5117188,534.8753662,0.999728501,522.3354492,548.1293335,0.998591661,,,,
311,517.5117188,534.4873047,0.99972415,522.2539673,548.1183472,0.998531461,,,,
312,517.5117188,534.2338257,0.999724925,522.1907959,548.0595703,0.998511314,,,,
313,517.3776245,533.824646,0.999728262,522.1351929,547.9306641,0.998430192,,,,
314,517.2855835,533.5523071,0.999711812,522.1351929,547.7938232,0.998478949,,,,
315,517.2522583,533.112793,0.999733686,522.09021,547.7342529,0.998564839,,,,
316,517.2097778,532.6290283,0.999756932,522.09021,547.6913452,0.998682022,,,,
317,517.2097778,532.6290283,0.999761105,521.9500122,547.6913452,0.998575807,,,,
318,517.1287231,532.6290283,0.999659777,521.1818237,546.9636841,0.997882366,,,,
319,516.9932861,532.6442871,0.999605119,521.1779175,546.7424927,0.997227907,,,,
320,516.897644,532.6442871,0.999633193,520.7634888,546.7131958,0.996960521,,,,
321,516.7088623,532.6442871,0.999659181,520.7634888,546.2991943,0.997395515,,,,
322,516.7088623,532.1655273,0.999731421,520.9971924,546.2181396,0.997822642,,,,
323,516.6199341,531.6768799,0.999780416,520.7634888,546.0637817,0.998003125,,,,
324,516.5140381,531.2232056,0.999795854,520.9710693,545.9437256,0.99798882,,,,
325,516.5140381,530.8081055,0.999801755,520.9710693,545.1751709,0.998009205,,,,
326,516.4978027,530.1895142,0.999827266,520.8459473,545.1575317,0.998434901,,,,
327,516.4978027,529.8012695,0.99984777,520.7404175,544.8676147,0.998590946,,,,
328,516.4978027,529.3513794,0.999828219,520.7404175,544.5944824,0.998327851,,,,
329,516.6918945,529.3511963,0.999842525,520.704834,544.5691528,0.998674989,,,,
330,516.8692017,529.088501,0.99984616,520.6885986,544.4302979,0.998645306,,,,
331,516.8692017,528.8568726,0.999829292,520.6885986,544.2862549,0.998698413,,,,
332,516.8692017,528.4825439,0.999828398,520.7011719,544.0603027,0.99871099,,,,
333,516.5542603,528.4782104,0.999821305,520.7011719,543.743042,0.998527229,,,,
334,516.3710938,528.2819824,0.999812245,520.6885986,543.218811,0.998319149,,,,
335,516.3710938,528.230835,0.999802768,520.3318481,543.178833,0.998563051,,,,
336,516.1784058,528.1295776,0.999793768,520.3301392,543.0782471,0.998499632,,,,
337,516.1784058,528.0552368,0.999775648,520.2558594,543.0043945,0.998073697,,,,
338,516.0339355,528.0552368,0.999787807,520.1140137,542.6464233,0.998013496,,,,
339,515.8463135,527.4616089,0.999750614,520.0236816,542.3262329,0.998173237,,,,
340,515.7958374,527.1103516,0.999721289,519.5978394,542.2227173,0.998201489,,,,
341,515.5671387,526.8637695,0.999696374,519.3706665,541.9481201,0.998076737,,,,
342,515.5671387,526.6187134,0.999657869,519.3328857,541.7373047,0.998073578,,,,
343,515.3325195,526.2800903,0.99962306,519.3236084,541.6951294,0.99823463,,,,
344,514.9941406,525.7445068,0.999472141,519.2565918,541.4171143,0.997958302,,,,
345,514.9104614,525.5985107,0.999429166,519.1533813,541.3809204,0.997847438,,,,
346,514.7095337,525.5985107,0.999407768,518.7486572,540.5724487,0.997704268,,,,
347,514.5048828,525.5985107,0.999318004,518.737854,540.479187,0.997723401,,,,
348,514.1957397,525.5814819,0.999287188,518.737854,540.3569946,0.99766624,,,,
349,514.1957397,525.548584,0.999319673,518.737854,540.345459,0.9977175,,,,
350,514.1957397,525.394043,0.999099672,519.1165161,539.9249268,0.997435451,,,,
351,514.0004883,525.3746338,0.998960614,519.2384033,539.7086792,0.997080624,,,,
352,513.9714966,525.2755127,0.998789966,519.2384033,539.4765015,0.997244716,,,,
353,513.9714966,524.4851074,0.998970032,519.2384033,539.2808838,0.997483015,,,,
354,513.9714966,524.0980225,0.998705864,518.194458,538.9932251,0.997269511,,,,
355,513.9714966,523.7764893,0.99864912,517.9469604,538.5601196,0.997548819,,,,
356,513.9421387,523.4918823,0.998672605,517.9123535,538.4777222,0.997639239,,,,
357,513.9421387,522.9686279,0.998811424,517.8718262,538.4777222,0.998151541,,,,
358,513.8392944,522.8764038,0.998887777,517.8718262,538.3166504,0.998121619,,,,
359,513.7579346,522.6951904,0.999006212,517.8699951,538.1489868,0.998100162,,,,
360,513.7390747,522.5154419,0.999061108,517.8082886,538.1489868,0.998314142,,,,
361,513.7258301,521.8433838,0.999266982,517.7471313,538.1177368,0.998524308,,,,
362,513.4091187,521.7614136,0.999126077,517.607666,537.0701904,0.998904347,,,,
363,513.2709351,521.376709,0.999202728,517.607666,536.7533569,0.999150276,,,,
364,513.2709351,520.7885132,0.999340951,517.607666,536.7352295,0.999212861,,,,
365,513.2709351,520.7529907,0.999463141,517.607666,536.5236206,0.999234855,,,,
366,513.3165894,520.4957275,0.999552846,517.6364746,535.7738647,0.999285102,,,,
367,513.3165894,520.3297119,0.999570906,517.6364746,535.5582886,0.999375343,,,,
368,513.3165894,520.0255737,0.999607623,517.5310059,535.3665161,0.999366045,,,,
369,513.1365967,519.8314819,0.999615431,517.3895264,534.505249,0.999450982,,,,
370,512.737793,519.734436,0.999517679,517.0441284,534.4884644,0.999487221,,,,
371,512.692627,519.6608276,0.999548793,517.0339355,534.423645,0.999492407,,,,
372,512.6027832,519.552124,0.999589741,516.8098755,534.4025879,0.999516964,,,,
373,512.4887695,519.4031982,0.999531329,515.7701416,534.4025879,0.99954021,,,,
374,512.3547974,519.2444458,0.999536514,515.7701416,534.2793579,0.999568105,,,,
375,511.7582703,519.0157471,0.999614775,515.6590576,534.2600708,0.999619305,,,,
376,511.3641357,518.5580444,0.999668956,515.6590576,534.1948242,0.999639273,,,,
377,511.2935486,518.3948364,0.999671102,515.6790771,534.0491943,0.999664187,,,,
378,511.2849121,518.2645874,0.99968493,515.6818237,533.5844727,0.999678612,,,,
379,511.197998,518.1994019,0.999676526,515.6790771,533.4205322,0.999688745,,,,
380,511.2849121,518.1994019,0.999670506,515.6790771,533.1844482,0.999694705,,,,
381,511.2935486,518.1994019,0.999663174,515.4814453,533.1824341,0.999682605,,,,
382,511.3405762,518.0946045,0.999638438,515.4579468,532.8964844,0.999678135,,,,
383,511.438385,518.0946045,0.999582469,515.4530029,532.7855835,0.999647856,,,,
384,511.438385,518.0135498,0.999622226,515.3254395,532.5029907,0.999658942,,,,
385,511.438385,517.703186,0.999657989,515.2020874,532.2205811,0.999680281,,,,
386,511.1849365,517.5928955,0.999575019,514.9649048,532.1030884,0.999675274,,,,
387,510.9636536,517.4779053,0.999477744,514.6404419,531.9471436,0.999633551,,,,
388,510.8133545,517.4209595,0.999372005,514.6226807,531.6347656,0.999561906,,,,
389,510.459198,517.0371094,0.999364495,514.5527954,531.5811157,0.999493837,,,,
390,510.3526001,516.786438,0.999325514,514.3102417,531.2700195,0.999516845,,,,
391,510.2136841,516.5297241,0.999224544,514.053772,531.0883179,0.999400377,,,,
392,509.9305725,516.3416748,0.998743773,513.1895142,530.8366089,0.998771191,,,,
393,509.5194092,516.3131714,0.99876672,513.1895142,530.8366089,0.998919547,,,,
394,509.5194092,515.4564209,0.999083281,513.1895142,530.8366089,0.999169767,,,,
395,509.5194092,515.1257324,0.999234319,513.6392822,530.927063,0.999379814,,,,
396,509.9373169,514.9746704,0.999314547,513.6392822,530.927063,0.999438763,,,,
397,509.9373169,514.7112427,0.99936533,513.6392822,530.927063,0.999387026,,,,
398,509.9373169,514.7112427,0.999244452,513.3382568,530.5846558,0.999237418,,,,
399,509.7886353,514.406189,0.999197245,513.3340454,529.9550781,0.999118745,,,,
400,509.2761841,514.0189209,0.999203324,513.2095337,529.7662964,0.999135315,,,,
401,509.2467041,513.6036377,0.999195457,513.0724487,529.5335693,0.999104023,,,,
402,509.1064453,513.2797852,0.999162555,513.0357666,528.7195435,0.998820424,,,,
403,508.9502563,513.2180786,0.999285221,512.897644,528.4569092,0.998818159,,,,
404,508.8013,513.0291748,0.999120355,512.4101563,528.0796509,0.998093784,,,,
405,508.7755432,512.6192627,0.999236763,512.4055786,527.8047485,0.998268723,,,,
406,508.7232361,512.0339355,0.999256551,512.4055786,527.5391846,0.998237967,,,,
407,508.6711426,511.8242188,0.999320805,512.4101563,527.3624268,0.998287916,,,,
408,508.6308594,511.1443176,0.999433815,512.7481689,527.2160034,0.998628616,,,,
409,508.4776001,510.6888123,0.999575377,512.7643433,527.1553955,0.998820066,,,,
410,508.4776001,510.6888123,0.99953115,512.7643433,527.086853,0.998460054,,,,
411,508.4434814,510.6808167,0.999513745,512.7481689,526.836731,0.998469889,,,,
412,508.4128418,510.6808167,0.999388695,511.6233826,526.5805054,0.997736633,,,,
413,507.9052734,510.2155457,0.999497414,511.5952148,526.5554199,0.998344779,,,,
414,507.6052856,509.5450134,0.999518931,511.5952148,526.1428223,0.998620152,,,,
415,507.397583,509.4184265,0.999544621,511.5952148,526.0411377,0.99863255,,,,
416,507.2445679,509.3469543,0.999488354,511.3661804,525.6497192,0.998553216,,,,
417,507.0618591,509.3274841,0.999412775,511.1706543,525.2492065,0.998323262,,,,
418,506.6320801,509.1331787,0.999314427,511.062561,524.8098755,0.99835372,,,,
419,506.5765381,509.059967,0.999247253,511.0484314,524.4664917,0.998324394,,,,
420,506.4961853,508.9933167,0.999356806,511.0170898,524.4203491,0.998493552,,,,
421,506.3799744,508.5324402,0.999384105,510.9884033,524.4116821,0.998671293,,,,
422,506.3799744,508.3423462,0.999436498,510.979187,524.3082886,0.99884963,,,,
423,506.3539734,508.3208923,0.999414504,510.979187,524.2877197,0.998776913,,,,
424,506.3283691,508.3132324,0.999418497,511.0164185,524.1825562,0.998800159,,,,
425,506.2724915,507.9126892,0.999192476,511.0164185,523.7914429,0.998822927,,,,
426,506.1265869,507.8920898,0.999076843,511.0488586,523.6921997,0.998898745,,,,
427,506.1243286,507.769104,0.999114633,511.110199,523.6082764,0.998869896,,,,
428,506.0070496,507.6023254,0.999108434,511.110199,523.4991455,0.998711824,,,,
429,505.7750549,507.5908203,0.999059975,511.110199,523.0397949,0.998372316,,,,
430,505.7750549,507.2053223,0.999077916,511.06073,522.6005249,0.99810946,,,,
431,505.7750549,506.7762451,0.999048114,511.0129089,522.4780273,0.998039126,,,,
432,505.7500305,506.6862488,0.999060333,510.9333496,521.3809204,0.998669624,,,,
433,505.7471924,506.6673584,0.998909712,510.8182373,521.3809204,0.998770833,,,,
434,505.6893921,506.651886,0.998902142,510.3840637,521.3809204,0.998408079,,,,
435,505.5899963,506.4891968,0.998810649,509.8035583,521.0975952,0.998098135,,,,
436,505.4336243,506.2884521,0.998675525,509.3453674,521.0975952,0.997416139,,,,
437,505.1656799,505.4949036,0.998054266,509.307251,520.3425903,0.996761203,,,,
438,505.1185608,505.4949036,0.997940421,509.0161133,520.3425903,0.996960044,,,,
439,505.0973816,505.4728088,0.998205066,508.3754883,520.0032349,0.997367263,,,,
440,504.3665771,505.4310303,0.998197317,508.3754883,519.507019,0.996829748,,,,
441,504.3629761,505.256134,0.998350501,508.2156677,519.507019,0.996989667,,,,
442,504.3456116,504.9222107,0.998651803,508.0264893,519.1818237,0.99742347,,,,
443,503.743866,504.8916016,0.999090016,507.9820251,518.59198,0.997723877,,,,
444,503.1963806,504.7814941,0.999343276,507.9759827,518.0999146,0.99797076,,,,
445,503.1963806,504.6557312,0.999265432,507.9759827,517.8605347,0.99806416,,,,
446,503.1963806,504.5615845,0.999270082,507.9820251,517.8605347,0.998336554,,,,
447,503.1966858,504.3534241,0.999491453,507.9820251,517.8510132,0.998552978,,,,
448,503.3033142,503.9098206,0.999543309,507.9759827,517.5977173,0.998771071,,,,
449,503.3277283,503.7852783,0.999553502,507.8696289,517.5977173,0.998771369,,,,
450,503.5427856,503.1245117,0.999591231,507.8618469,517.2800903,0.998935282,,,,
451,503.5427856,503.0819397,0.999616742,507.8050232,517.1341553,0.998957634,,,,
452,503.5427856,503.0819397,0.999583125,507.6848145,516.7974854,0.998897851,,,,
453,503.4773254,503.0788574,0.999542952,507.2941284,516.1312866,0.998812675,,,,
454,503.3747864,502.9124451,0.999510169,507.1687317,515.9971313,0.998754978,,,,
455,502.9914551,502.7759705,0.999642074,507.1687317,515.9443359,0.998802781,,,,
456,502.6893005,502.6832886,0.999676645,507.1687317,515.7701416,0.998851895,,,,
457,502.3659668,502.6687927,0.99970758,507.5375671,515.6885986,0.999016643,,,,
458,501.9796753,502.4152222,0.999756813,507.6640015,515.5991211,0.999051213,,,,
459,501.9732361,502.2467041,0.999773145,507.6911926,515.505127,0.99904722,,,,
460,501.8992004,502.1275024,0.999779344,507.6911926,515.2918091,0.999153435,,,,
461,501.747345,502.0457153,0.999790788,507.6911926,515.2436523,0.999168873,,,,
462,501.6019287,501.4411011,0.99980849,507.6891479,514.8790283,0.999197721,,,,
463,501.5576477,500.7061462,0.999824822,507.4540405,514.6691284,0.999171853,,,,
464,501.4768066,500.1817322,0.999839425,506.9723511,514.4559937,0.999209702,,,,
465,501.433075,500.1817322,0.999847293,506.9723511,514.0189819,0.999204993,,,,
466,501.3108521,500.1643066,0.999839604,506.9723511,513.7550049,0.999124289,,,,
467,501.2327576,499.9631042,0.999825001,507.0102539,513.5011597,0.999061346,,,,
468,501.085144,499.7099304,0.999825835,507.0102539,513.4481812,0.999045432,,,,
469,501.0058899,499.320343,0.999845982,507.0102539,513.4481812,0.999067307,,,,
470,500.5949097,499.1446838,0.999863267,506.9645386,513.411438,0.999070168,,,,
471,500.4839172,499.0812073,0.999871492,506.9057312,513.3349609,0.999075592,,,,
472,500.4839172,499.0407715,0.999874353,506.7722778,513.2684937,0.99905622,,,,
473,500.4839172,498.9132385,0.999869585,506.597168,513.0797119,0.998974621,,,,
474,500.3162231,498.6574707,0.999865115,506.4369507,512.9771729,0.998873472,,,,
475,500.2902832,498.3580627,0.999859631,506.424469,512.8508911,0.998879135,,,,
476,500.2902832,498.1869202,0.999859154,506.4028931,512.5703125,0.998877347,,,,
477,500.0268555,498.153595,0.999859512,506.3218079,512.4750977,0.998827994,,,,
478,500.0268555,498.0814514,0.99986583,506.3218079,512.3641357,0.998900175,,,,
479,500.0268555,497.9181519,0.999875903,506.2896118,512.3563232,0.998990178,,,,
480,500.0440674,497.5267334,0.99987179,506.2896118,512.3300171,0.999070048,,,,
481,500.0440674,497.2037048,0.999862075,506.2896118,512.2774658,0.999038577,,,,
482,500.0440674,497.2012024,0.999848723,505.9921265,511.9200745,0.998976707,,,,
483,499.7694397,496.7670593,0.99983567,505.6237488,511.3286438,0.998939514,,,,
484,499.6640625,496.460083,0.999817967,505.5420837,510.806427,0.998883009,,,,
485,499.4546509,496.3572998,0.999810576,505.5148926,510.5073547,0.998816133,,,,
486,499.2805786,496.0067749,0.999813735,505.3781738,510.4825439,0.998753071,,,,
487,499.2539063,495.8859558,0.999781609,505.0500183,510.2207336,0.998708308,,,,
488,499.2144775,495.8668823,0.999754667,504.8842773,510.2207336,0.998252869,,,,
489,499.1421204,495.7983093,0.999772549,504.8626404,510.2207336,0.99827075,,,,
490,499.0995789,495.7983093,0.999771416,504.8626404,510.6363525,0.998306274,,,,
491,498.9400024,495.7545166,0.999773383,504.8626404,510.6363525,0.998323917,,,,
492,498.9400024,495.437561,0.999751925,504.8626404,510.6363525,0.998184443,,,,
493,498.9090881,494.8031006,0.999738455,504.6900024,509.8488464,0.998452008,,,,
494,498.8885803,494.5567932,0.999760091,504.6900024,509.7407227,0.998729587,,,,
495,498.6141968,494.5567932,0.999690831,504.6900024,509.2673645,0.998604655,,,,
496,498.3474731,494.5567932,0.99966979,504.7951355,509.0830688,0.998636603,,,,
497,498.0558472,494.5552673,0.999633968,504.808075,508.9096985,0.998500228,,,,
498,497.9753113,494.5552673,0.999633133,504.808075,508.9081726,0.998583317,,,,
499,497.8744202,494.3896179,0.999624491,504.7951355,508.8609009,0.998520017,,,,
500,497.8744202,493.8835144,0.999576688,504.5837097,508.7301331,0.998531222,,,,
501,497.8744202,493.5269775,0.999534726,504.4897461,508.6104736,0.998540699,,,,
502,497.8421631,493.5269775,0.999482751,504.4845886,508.5904236,0.998407483,,,,
503,497.8409119,493.5269775,0.999390483,504.4740601,508.3526001,0.99809128,,,,
504,497.8231812,493.6821594,0.999262333,504.299469,507.6127319,0.996938705,,,,
505,497.7059937,493.6821594,0.999174118,503.9184265,507.2459717,0.997084618,,,,
506,497.7018127,493.6821594,0.999117613,503.6606445,507.221344,0.997100055,,,,
507,497.7018127,493.5031738,0.999099016,503.6606445,507.1281128,0.997194946,,,,
508,497.7059937,493.2342529,0.999032378,503.6606445,507.0453186,0.997236669,,,,
509,497.8493042,492.6991272,0.999034286,503.8601685,507.0254211,0.997320652,,,,
510,497.8493042,492.1123352,0.999117374,503.9650269,507.0254211,0.997523665,,,,
511,497.8493042,491.7334595,0.999127388,503.9864807,507.027832,0.997574985,,,,
512,497.7605896,491.6058044,0.9990924,504.1055298,507.0013428,0.997396111,,,,
513,497.7476196,491.605072,0.999083519,504.1862793,507.0013428,0.997292042,,,,
514,497.5937195,491.605072,0.999067545,504.1862793,507.0013428,0.997446477,,,,
515,497.5492554,491.6047974,0.99903214,504.1862793,506.9633789,0.99743557,,,,
516,497.5370483,491.6028137,0.998967528,504.1862793,506.9005737,0.997543097,,,,
517,497.4917908,491.526947,0.999008596,504.2055969,506.7295227,0.997417331,,,,
518,497.450531,491.3118896,0.999050558,504.1580505,506.6015625,0.997669339,,,,
519,497.2362366,490.9969788,0.99912703,504.15271,506.4891052,0.997908235,,,,
520,497.1920776,490.8711853,0.99914372,504.088501,506.1654663,0.99821198,,,,
521,497.1426392,490.8638,0.999126792,504.0377197,505.9682617,0.99838835,,,,
522,497.1217041,490.8498535,0.999100506,504.0203857,505.8660278,0.998504639,,,,
523,497.1217041,490.8470764,0.999074459,503.9202881,505.6287537,0.998574734,,,,
524,497.0141907,490.7399902,0.999044061,503.8287659,505.3872375,0.99872154,,,,
525,496.8295288,490.7080994,0.998930395,503.7267456,504.9657288,0.99890846,,,,
526,496.5769653,490.5003967,0.998933017,503.6542664,504.8295288,0.998988867,,,,
527,496.5696106,490.311676,0.998922944,503.6238708,504.799469,0.998962045,,,,
528,496.5366211,490.219696,0.998887897,503.5537415,504.5602112,0.999005556,,,,
529,496.515564,490.0762329,0.99885869,503.537384,504.4125671,0.999084592,,,,
530,496.4443054,489.9042969,0.998855054,503.5285645,504.3796997,0.999124646,,,,
531,496.3073425,489.8903503,0.998937428,503.3626709,504.3370972,0.999168158,,,,
532,496.2822571,489.885437,0.998939753,503.3171997,504.2991333,0.999172866,,,,
533,496.1552124,489.7946167,0.99888432,503.3156738,504.0128784,0.999217689,,,,
534,495.9302368,489.7946167,0.998835564,503.3156738,503.8095093,0.999275923,,,,
535,495.910553,489.7946167,0.998705506,503.2463989,503.3199158,0.999337554,,,,
536,495.9090881,490.0830078,0.998519182,503.1915283,502.8537598,0.999391079,,,,
537,495.9090881,490.194519,0.998368204,503.1472168,502.3207397,0.999460816,,,,
538,495.910553,490.194519,0.998386145,503.0961914,501.7255249,0.999476731,,,,
539,495.9573975,490.194519,0.998249054,503.0873108,501.659729,0.999492586,,,,
540,495.9573975,490.0501099,0.99833262,503.0873108,501.659729,0.999499202,,,,
541,495.9573975,489.8297424,0.998422623,503.0873108,501.659729,0.999516129,,,,
542,495.844574,489.7767334,0.998439193,503.0873108,501.7298279,0.9995206,,,,
543,495.7878418,489.6700134,0.998543262,503.1452637,501.7766418,0.999490857,,,,
544,495.7501526,489.6700134,0.998487949,503.1452637,501.7766418,0.999462306,,,,
545,495.4312744,489.6700134,0.998516798,503.1452637,501.7766418,0.999468327,,,,
546,495.4277954,489.6933899,0.998419046,503.0365601,501.7270508,0.999478459,,,,
547,495.3583069,489.6933899,0.99815309,502.5591125,501.2242126,0.999549866,,,,
548,495.3440247,489.6933899,0.9979105,502.5468445,500.9723816,0.999568462,,,,
549,495.1960144,489.4156189,0.997859836,502.5468445,500.3888855,0.999534249,,,,
550,495.186615,489.2880249,0.997928023,502.5468445,500.0997009,0.999563754,,,,
551,495.1747437,489.2844238,0.99813956,502.696167,500.0995483,0.999558806,,,,
552,494.9023743,489.2121277,0.998202264,502.9436646,500.0995483,0.999541402,,,,
553,494.6220398,488.9970093,0.998369277,503.0750122,500.0995483,0.999539971,,,,
554,494.4197693,488.7203369,0.998475432,503.1621094,500.1428833,0.999520421,,,,
555,494.3372803,488.6300049,0.998711824,503.1936951,500.4216919,0.999504566,,,,
556,494.2401733,488.5726013,0.998717189,503.224762,500.4216919,0.999474764,,,,
557,494.1252441,488.5722656,0.998669982,503.224762,500.4216919,0.999508798,,,,
558,493.7997437,488.5722656,0.998573065,503.224762,500.3015747,0.999515712,,,,
559,493.7526855,488.5726013,0.998398185,503.1813965,500.2124023,0.999538779,,,,
560,493.6772766,488.5533752,0.998313427,503.0956726,500.1977234,0.999541998,,,,
561,493.5213928,488.5533752,0.998295546,503.0951843,500.0581055,0.999534488,,,,
562,493.5213928,488.6052856,0.998276472,502.8407593,499.9987793,0.999556243,,,,
563,493.4364929,488.5533752,0.998247862,502.8308716,499.8873291,0.999539256,,,,
564,493.4269104,488.4518127,0.997939765,502.5336914,499.648407,0.99955982,,,,
565,493.1427307,488.3938293,0.998119593,502.2249146,499.2685547,0.999602437,,,,
566,492.937439,488.3545837,0.998366475,502.0949402,499.0849915,0.999632001,,,,
567,492.7885437,488.327179,0.9983356,501.7492065,498.9384766,0.999643803,,,,
568,492.7195129,488.2845154,0.998172462,501.6177979,498.8414001,0.999626637,,,,
569,492.7195129,488.1748352,0.998273015,501.2896729,498.7183228,0.999627411,,,,
570,492.7241821,488.1226501,0.99820298,501.1409912,498.6358948,0.999619007,,,,
571,492.7195129,488.1112671,0.998044491,501.0322571,498.5636292,0.999606907,,,,
572,492.7195129,488.0654602,0.997965813,500.815155,498.4704895,0.999579608,,,,
573,492.4364014,487.9393311,0.997947097,500.815155,498.4704895,0.999550521,,,,
574,492.3752747,487.8121338,0.998273075,500.815155,498.4704895,0.999587417,,,,
575,492.350769,487.5717468,0.998737335,500.975708,498.5742188,0.999639988,,,,
576,492.2753296,487.4909058,0.998778224,500.975708,498.7841187,0.999634027,,,,
577,492.2661438,487.2788391,0.998911262,500.975708,498.8895874,0.999644876,,,,
578,492.2066956,487.1886292,0.998992026,500.9363098,498.9004517,0.999663353,,,,
579,492.2066956,487.0924377,0.999022126,500.9363098,498.927002,0.99966073,,,,
580,492.2066956,487.0863342,0.999079108,500.9363098,499.1517944,0.999664068,,,,
581,492.2955017,487.0438232,0.999048352,500.9960632,499.2494202,0.999660969,,,,
582,492.2955017,486.8967896,0.999125123,500.9960632,499.4107056,0.999677658,,,,
583,492.2955017,486.4405518,0.999246716,500.9960632,499.4107056,0.9996804,,,,
584,492.2006531,486.2982178,0.999263465,500.9960632,499.4107056,0.999677241,,,,
585,491.999054,486.2357178,0.999301553,500.9960632,499.3040771,0.999695957,,,,
586,491.9272766,486.1814575,0.99930644,501.0304871,499.0748596,0.999682665,,,,
587,491.9046631,486.1814575,0.999307752,501.0369873,499.0143127,0.999661207,,,,
588,491.8594971,486.1814575,0.999302626,501.2671509,498.8266296,0.999652863,,,,
589,491.7662964,486.1825867,0.999288678,501.2701111,498.7929993,0.99964571,,,,
590,491.617981,486.2547607,0.999305665,501.2889404,498.7886353,0.999645233,,,,
591,491.5843506,486.3158569,0.999287605,501.303894,498.7763367,0.999648869,,,,
592,491.572113,486.3158569,0.999258041,501.3861389,498.7559814,0.99964571,,,,
593,491.5629578,486.3158569,0.999237776,501.3861389,498.7304993,0.999622107,,,,
594,491.4007874,486.2889709,0.999251962,501.3358765,498.599884,0.999614239,,,,
595,491.4661865,486.0521545,0.999309957,501.3358765,498.599884,0.999618649,,,,
596,491.4040833,485.7209473,0.999345005,501.2434082,498.587677,0.999616981,,,,
597,491.4040833,485.5022888,0.999348164,501.0697021,498.587677,0.999609828,,,,
598,491.4040833,485.2848206,0.999401808,501.0629883,498.587677,0.999608874,,,,
599,491.4040833,485.2232056,0.999369621,501.03302,498.587677,0.999605715,,,,
600,491.0968323,485.2232056,0.999370337,501.03302,498.3708191,0.999604106,,,,
601,490.9285889,485.2848206,0.999351263,501.0202942,498.3173828,0.999608815,,,,
602,490.794342,485.2870483,0.999398351,501.0202942,498.3173828,0.999606013,,,,
603,490.7120361,485.4881592,0.999365091,501.0254517,498.2033386,0.999613643,,,,
604,490.6598511,485.4881592,0.999368429,501.1339111,498.2214661,0.999612451,,,,
605,490.5032654,485.4881592,0.99936974,501.091095,498.2917175,0.999629438,,,,
606,490.488739,485.4867554,0.999397516,501.0982666,498.2873535,0.999632776,,,,
607,490.4380798,485.40625,0.999414921,501.0982666,498.2214661,0.999636412,,,,
608,490.3564453,485.3248596,0.999439895,501.0982666,498.2214661,0.999636412,,,,
609,490.2680054,485.1401672,0.999482393,501.0982666,498.158783,0.999638438,,,,
610,490.1028748,484.9290161,0.999514818,501.1229553,498.0721741,0.999631166,,,,
611,489.926178,484.6860657,0.999534547,501.1232605,497.8937073,0.999628305,,,,
612,489.8602295,484.6419678,0.999555051,501.2216492,497.8439026,0.999630988,,,,
613,489.6746826,484.6419678,0.999530315,501.2216492,497.5870361,0.999621034,,,,
614,489.6251526,484.6419678,0.999548316,501.2216492,497.5549927,0.999626279,,,,
615,489.4175415,484.6916809,0.999510884,501.1517334,497.3310242,0.999621272,,,,
616,488.592926,485.4568787,0.999494195,501.120575,497.2097168,0.999619722,,,,
617,488.5543823,485.4838257,0.999477983,501.0975647,497.0851135,0.999614,,,,
618,488.5202637,485.499054,0.999468565,500.9463196,497.0497131,0.999604106,,,,
619,488.3020935,485.4937744,0.999500871,500.9463196,496.845459,0.999600947,,,,
620,488.2911377,485.4937744,0.999503314,500.9463196,496.8263855,0.999597073,,,,
621,488.2651062,485.4838257,0.999505281,500.9476929,496.821228,0.999602675,,,,
622,488.2503052,485.4782715,0.999508262,500.9682617,496.7727356,0.999598026,,,,
623,488.0080261,485.376709,0.999529004,500.9682617,496.5426331,0.999592602,,,,
624,487.9729919,485.2918701,0.999540746,500.9682617,496.4691772,0.999591351,,,,
625,487.9724731,485.1235657,0.99953723,500.9057922,496.3929443,0.999585509,,,,
626,487.8562012,484.7760925,0.9995929,500.803833,496.1580505,0.999555051,,,,
627,487.785675,484.59375,0.99959147,500.7817993,496.0519104,0.999556184,,,,
628,487.6878052,484.4989319,0.999598861,500.6699524,496.0361938,0.999555588,,,,
629,487.6011047,484.4453125,0.999600351,500.3435059,496.0327454,0.999555469,,,,
630,487.3716125,484.4153137,0.999613941,500.2483215,495.8692017,0.99952203,,,,
631,487.2687073,484.3231201,0.999630988,500.1827393,495.7602234,0.99947381,,,,
632,487.1980286,484.2685547,0.99962163,499.9821167,495.7272034,0.999437809,,,,
633,487.1967773,484.1609192,0.999613404,499.7178345,495.6105042,0.999359965,,,,
634,487.0939331,484.0985718,0.999608397,499.4250793,495.4874878,0.999324262,,,,
635,487.0035095,484.0934143,0.999593556,499.2411804,495.2470703,0.999259949,,,,
636,486.9450989,484.0934143,0.999593258,499.2017822,495.2429199,0.999299884,,,,
637,486.9443665,484.085083,0.999553323,498.7816772,495.2429199,0.999248385,,,,
638,486.9450989,484.0934143,0.999568939,498.7496338,495.2470703,0.999284983,,,,
639,487.0035095,484.0934143,0.999585152,498.7496338,495.3780823,0.999284983,,,,
640,487.0513611,484.0614624,0.999551296,498.6887817,495.4632568,0.999293268,,,,
641,487.0513611,484.0323486,0.999545217,498.6561279,495.6184387,0.999358594,,,,
642,487.0513611,483.987854,0.999553323,498.6887817,495.6184387,0.999358118,,,,
643,487.0527954,483.954834,0.99953568,498.7167358,495.6184387,0.999358892,,,,
644,487.0437012,483.8883362,0.999557734,498.6887817,495.6051941,0.999373555,,,,
645,486.9476318,483.8883362,0.999543786,498.7167358,495.5936584,0.999352813,,,,
646,486.7943115,483.6925049,0.999590755,498.7167358,495.4475708,0.999334455,,,,
647,486.6992188,483.5867004,0.999618888,498.6821899,495.4081421,0.999378204,,,,
648,486.5404968,483.4679871,0.9996382,498.4461975,495.4081421,0.999326944,,,,
649,486.5306091,483.3386536,0.999636173,498.3164673,495.4475708,0.999300599,,,,
650,486.5306091,483.2953186,0.999644995,498.309082,495.4540405,0.999317408,,,,
651,486.5336609,483.2612305,0.999639332,498.1560059,495.4540405,0.999293804,,,,
652,486.5404968,483.1734924,0.999627471,498.1098633,495.4540405,0.999269962,,,,
653,486.5854797,483.0387878,0.999608099,498.062561,495.3716736,0.999213099,,,,
654,486.6031189,483.0137939,0.999584198,498.062561,495.3074646,0.999183178,,,,
655,486.6031189,483.0137939,0.999602437,498.0440979,495.2479858,0.999207497,,,,
656,486.5873718,483.0137939,0.999586225,498.062561,495.2337036,0.999212563,,,,
657,486.5854797,483.0426331,0.999603868,498.0816956,495.2176514,0.999222159,,,,
658,486.4336853,483.0457458,0.999613822,498.0816956,495.1880493,0.999281645,,,,
659,486.315094,483.1135559,0.999656916,498.060791,495.0502625,0.999223471,,,,
660,486.2500916,483.1170044,0.999661803,498.0879211,494.9024048,0.999108851,,,,
661,486.1896973,483.1170044,0.999682367,498.0879211,494.8783264,0.999199331,,,,
662,485.9497681,483.1170044,0.999702632,498.0756531,494.8666382,0.999197364,,,,
663,485.907135,483.0655823,0.999702156,498.0879211,494.8666382,0.999220848,,,,
664,485.7891541,482.944458,0.999702454,498.2430725,494.783844,0.999145746,,,,
665,485.7877502,482.9121399,0.999708414,498.2430725,494.7539673,0.999237061,,,,
666,485.7386169,482.8070374,0.999715388,498.2259216,494.7424316,0.999262393,,,,
667,485.7324829,482.7389526,0.999708354,498.2259216,494.607605,0.999222755,,,,
668,485.5947571,482.7389526,0.999703825,498.1164551,494.3662415,0.999088049,,,,
669,485.5645142,482.7355042,0.999695301,498.105835,494.2659302,0.999031246,,,,
670,485.4371948,482.7355042,0.999699712,498.0102539,494.2649841,0.99896574,,,,
671,485.4265442,482.7355042,0.999677539,497.9454956,494.1250305,0.998819768,,,,
672,485.3648682,482.6532288,0.999677539,497.7118225,494.006134,0.998679936,,,,
673,485.2575073,482.5726013,0.999666333,496.9842529,491.9940491,0.998515606,,,,
674,485.2336731,482.4645386,0.999674499,496.9842529,491.9940491,0.998523831,,,,
675,485.232666,482.4151917,0.999675632,496.9842529,491.9940491,0.998605013,,,,
676,485.0457458,482.3825073,0.999697208,497.8858032,493.841156,0.998794556,,,,
677,485.0241089,482.3573914,0.9996925,498.2223816,493.8478394,0.998970151,,,,
678,484.944519,482.2250977,0.999680877,498.2252808,493.8685608,0.998995245,,,,
679,484.8354187,482.1050415,0.999685585,498.2622681,493.8961182,0.999082744,,,,
680,484.7982178,482.0814209,0.999680102,498.2622681,493.8478394,0.999068856,,,,
681,484.7546082,482.0680542,0.999688148,498.2622681,493.8478394,0.999115348,,,,
682,484.7531128,481.859375,0.999690294,498.1930542,493.8296814,0.999088764,,,,
683,484.7404175,481.848999,0.999681234,498.1360474,493.8280945,0.999061465,,,,
684,484.7404175,481.8348694,0.999681234,498.1278076,493.7642517,0.999046564,,,,
